epoch,train_loss,val_loss,val_accuracy,val_precision,val_recall,val_f1,val_roc_auc
1,0.41904490429908037,0.13557374365627767,0.95875,0.947560975609756,0.97125,0.9592592592592593,0.9939765625
2,0.1321553535759449,0.06206020947545767,0.98125,0.9764851485148515,0.98625,0.9813432835820896,0.9988203125
3,0.08466437449213117,0.04901654338464141,0.98,0.9873096446700508,0.9725,0.9798488664987406,0.99910625
4,0.05655421500792727,0.032227848339825865,0.99,0.9937027707808564,0.98625,0.9899623588456713,0.9995921875
5,0.046754630524665115,0.030836129514500498,0.990625,0.9949558638083228,0.98625,0.9905838041431262,0.9995234375
