experiment_id,runner,model_name,epoch,train_loss,val_loss,val_accuracy,val_precision,val_recall,val_f1,val_roc_auc,val_average_precision,val_eer,best_threshold_for_epoch,learning_rate
20260514_205725_zuha_01_efficientnet_b0_open_ep5_bs32_lr0p0001_basic,zuha,01_efficientnet_b0,1,0.26860857726633547,0.7944349242448807,0.658,0.6166051660516605,0.8355,0.7095541401273885,0.7535869374999999,0.7685716906154629,0.311625,0.55,0.0001
20260514_205725_zuha_01_efficientnet_b0_open_ep5_bs32_lr0p0001_basic,zuha,01_efficientnet_b0,2,0.10894818605358401,1.0378986285924912,0.66575,0.6260456273764259,0.82325,0.7112311015118791,0.7665611250000001,0.7941621692957357,0.30762500000000004,0.6500000000000001,0.0001
20260514_205725_zuha_01_efficientnet_b0_open_ep5_bs32_lr0p0001_basic,zuha,01_efficientnet_b0,3,0.06996656107933572,0.9912177518606186,0.68725,0.6529820261437909,0.79925,0.71875,0.77457596875,0.7945712560741102,0.29474999999999996,0.45,0.0001
20260514_205725_zuha_01_efficientnet_b0_open_ep5_bs32_lr0p0001_basic,zuha,01_efficientnet_b0,4,0.04914498050309097,1.3305797625780105,0.669875,0.6281350179143881,0.83275,0.7161130818015694,0.76316546875,0.7767711913893792,0.31125,0.55,0.0001
20260514_205725_zuha_01_efficientnet_b0_open_ep5_bs32_lr0p0001_basic,zuha,01_efficientnet_b0,5,0.03904309685132466,1.1922250027656556,0.68475,0.6520576131687242,0.79225,0.7153498871331828,0.77969653125,0.8007543769299181,0.298375,0.55,0.0001
