experiment_id,runner,model_name,epoch,train_loss,val_loss,val_accuracy,val_precision,val_recall,val_f1,val_roc_auc,val_average_precision,val_eer,best_threshold_for_epoch,learning_rate
20260514_194804_zuha_01_efficientnet_b0_open_ep8_bs32_lr5em05_basic,zuha,01_efficientnet_b0,1,0.4152510028680166,0.7970209959745407,0.577,0.5455486542443064,0.92225,0.6855603047760639,0.7028787812499999,0.7203320881154301,0.357375,0.25,4.8096988312782174e-05
20260514_194804_zuha_01_efficientnet_b0_open_ep8_bs32_lr5em05_basic,zuha,01_efficientnet_b0,2,0.18591055897871653,0.9968038785457611,0.646625,0.6087924318308292,0.8205,0.6989670961558939,0.7343136562499999,0.7515837072717149,0.33199999999999996,0.6500000000000001,4.267766952966369e-05
20260514_194804_zuha_01_efficientnet_b0_open_ep8_bs32_lr5em05_basic,zuha,01_efficientnet_b0,3,0.12321536116136445,0.9407582025527954,0.651625,0.6100526220286699,0.8405,0.7069708758279887,0.7529117187500001,0.7678606928592244,0.310625,0.4,3.456708580912725e-05
20260514_194804_zuha_01_efficientnet_b0_open_ep8_bs32_lr5em05_basic,zuha,01_efficientnet_b0,4,0.0935582669062747,1.0431327185630799,0.640125,0.6030520316234602,0.82,0.6949888759402479,0.73259346875,0.7482685803679416,0.32987500000000003,0.4,2.5e-05
20260514_194804_zuha_01_efficientnet_b0_open_ep8_bs32_lr5em05_basic,zuha,01_efficientnet_b0,5,0.07900556881311867,1.073137006521225,0.670375,0.6342857142857142,0.80475,0.7094214876033058,0.7575984687499999,0.7735601339885467,0.30574999999999997,0.5,1.5432914190872757e-05
20260514_194804_zuha_01_efficientnet_b0_open_ep8_bs32_lr5em05_basic,zuha,01_efficientnet_b0,6,0.0616306065445145,1.1464570935964584,0.650375,0.6089082020640956,0.84075,0.7062900346529455,0.74469978125,0.7539217972021246,0.31825000000000003,0.35000000000000003,7.3223304703363135e-06
20260514_194804_zuha_01_efficientnet_b0_open_ep8_bs32_lr5em05_basic,zuha,01_efficientnet_b0,7,0.057013443026277755,1.0942931895256043,0.693375,0.668335146898803,0.76775,0.7146015125072717,0.76245178125,0.7751637915755167,0.3035,0.7000000000000001,1.9030116872178316e-06
20260514_194804_zuha_01_efficientnet_b0_open_ep8_bs32_lr5em05_basic,zuha,01_efficientnet_b0,8,0.05268923647784524,1.0847433190345763,0.67275,0.6320213985479557,0.827,0.7164825644357808,0.7632730624999999,0.7748127534550866,0.303375,0.4,0.0
