experiment_id,runner,model_name,epoch,train_loss,val_loss,val_accuracy,val_precision,val_recall,val_f1,val_roc_auc,val_average_precision,val_eer,best_threshold_for_epoch,learning_rate
20260514_162646_zuha_01_efficientnet_b0_constrained_ep8_bs32_lr0p001_light_aug,zuha,01_efficientnet_b0,1,0.32334101229243806,0.9183406881093978,0.57675,0.545414201183432,0.92175,0.6853159851301115,0.6873339375,0.710930323560772,0.37549999999999994,0.05,0.0009619397662556434
20260514_162646_zuha_01_efficientnet_b0_constrained_ep8_bs32_lr0p001_light_aug,zuha,01_efficientnet_b0,2,0.1941023376054234,1.0371587309837342,0.5705,0.5415072122460995,0.91975,0.6816750046322031,0.671111875,0.729767151145842,0.412375,0.1,0.0008535533905932738
20260514_162646_zuha_01_efficientnet_b0_constrained_ep8_bs32_lr0p001_light_aug,zuha,01_efficientnet_b0,3,0.1471609524289767,1.3233470195531845,0.614625,0.5733482642777156,0.896,0.6992488537703638,0.74632546875,0.779248987357646,0.33587500000000003,0.05,0.0006913417161825451
20260514_162646_zuha_01_efficientnet_b0_constrained_ep8_bs32_lr0p001_light_aug,zuha,01_efficientnet_b0,4,0.11021502185033427,1.1292596113085747,0.658375,0.6186107470511141,0.826,0.707418905898726,0.76876778125,0.8024728901666526,0.31299999999999994,0.2,0.0005000000000000001
20260514_162646_zuha_01_efficientnet_b0_constrained_ep8_bs32_lr0p001_light_aug,zuha,01_efficientnet_b0,5,0.09066637283232477,1.2552752282619477,0.677125,0.6371732817037754,0.82275,0.7181669394435352,0.7752465625,0.7922974720289055,0.3025,0.25,0.0003086582838174552
20260514_162646_zuha_01_efficientnet_b0_constrained_ep8_bs32_lr0p001_light_aug,zuha,01_efficientnet_b0,6,0.05542253554426134,1.3971234130859376,0.65575,0.6091068301225919,0.8695,0.7163748712667353,0.77343390625,0.7990443678669217,0.30525,0.05,0.0001464466094067263
20260514_162646_zuha_01_efficientnet_b0_constrained_ep8_bs32_lr0p001_light_aug,zuha,01_efficientnet_b0,7,0.038382165610686775,1.37602603828907,0.68,0.6442307692307693,0.804,0.7153024911032029,0.78187984375,0.8077564726397185,0.29625,0.25,3.8060233744356646e-05
20260514_162646_zuha_01_efficientnet_b0_constrained_ep8_bs32_lr0p001_light_aug,zuha,01_efficientnet_b0,8,0.027138669330419765,1.616267093539238,0.673625,0.6329186602870813,0.82675,0.7169647696476965,0.78412790625,0.8104609004399697,0.29374999999999996,0.15000000000000002,0.0
