experiment_id,runner,model_name,epoch,train_loss,val_loss,val_accuracy,val_precision,val_recall,val_f1,val_roc_auc,val_average_precision,val_eer,best_threshold_for_epoch,learning_rate
20260514_215117_zuha_01_efficientnet_b0_open_ep5_bs32_lr0p0001_basic,zuha,01_efficientnet_b0,1,0.5885304698149363,0.7939438090324402,0.5,0.5,1.0,0.6666666666666666,0.48454190625000004,0.49772535841021726,0.526875,0.05,0.0001
20260514_215117_zuha_01_efficientnet_b0_open_ep5_bs32_lr0p0001_basic,zuha,01_efficientnet_b0,2,0.5316434804201126,0.8335870180130005,0.5,0.5,1.0,0.6666666666666666,0.46996425,0.49634037859431224,0.536,0.05,0.0001
20260514_215117_zuha_01_efficientnet_b0_open_ep5_bs32_lr0p0001_basic,zuha,01_efficientnet_b0,3,0.5025741493701935,0.8658414237499237,0.50025,0.5001250312578145,1.0,0.6667777962993833,0.45930890625,0.49114791230696025,0.53825,0.15000000000000002,0.0001
20260514_215117_zuha_01_efficientnet_b0_open_ep5_bs32_lr0p0001_basic,zuha,01_efficientnet_b0,4,0.4880760583480199,0.8868995192050934,0.5,0.5,1.0,0.6666666666666666,0.46213871875,0.4943625867217168,0.53725,0.05,0.0001
20260514_215117_zuha_01_efficientnet_b0_open_ep5_bs32_lr0p0001_basic,zuha,01_efficientnet_b0,5,0.4747924058039983,0.9129665365219116,0.50025,0.5001250625312657,0.99975,0.6667222407469157,0.461859375,0.49643948172351793,0.5365,0.1,0.0001
