experiment_id,runner,model_name,epoch,train_loss,val_loss,val_accuracy,val_precision,val_recall,val_f1,val_roc_auc,val_average_precision,val_eer,best_threshold_for_epoch,learning_rate
20260514_174327_zuha_01_efficientnet_b0_constrained_ep5_bs32_lr0p0001_light_aug,zuha,01_efficientnet_b0,1,0.33693172057469684,0.8705598299503327,0.57075,0.540509590609791,0.944,0.6874203531767704,0.67986825,0.6892577306142617,0.38087499999999996,0.05,0.0001
20260514_174327_zuha_01_efficientnet_b0_constrained_ep5_bs32_lr0p0001_light_aug,zuha,01_efficientnet_b0,2,0.16068574592471122,1.1195845069885253,0.615625,0.574923052000648,0.88725,0.697729283397228,0.7074358125000001,0.7082403049014396,0.356375,0.25,0.0001
20260514_174327_zuha_01_efficientnet_b0_constrained_ep5_bs32_lr0p0001_light_aug,zuha,01_efficientnet_b0,3,0.10950243656668399,1.1082997689247132,0.624,0.5830542531815137,0.8705,0.6983553951062976,0.70311928125,0.7072836737903432,0.357,0.1,0.0001
20260514_174327_zuha_01_efficientnet_b0_constrained_ep5_bs32_lr0p0001_light_aug,zuha,01_efficientnet_b0,4,0.08216711551696063,1.2520716845989228,0.607125,0.5698451507742461,0.874,0.6898865318204243,0.69240440625,0.6879168344023218,0.36624999999999996,0.1,0.0001
20260514_174327_zuha_01_efficientnet_b0_constrained_ep5_bs32_lr0p0001_light_aug,zuha,01_efficientnet_b0,5,0.07269894147415956,1.3046267926692963,0.675125,0.6376498329730792,0.81125,0.7140499504896028,0.7498149999999999,0.7504796934592377,0.3095,0.4,0.0001
