experiment_id,runner,model_name,epoch,train_loss,val_loss,val_accuracy,val_precision,val_recall,val_f1,val_roc_auc,val_average_precision,val_eer,best_threshold_for_epoch,learning_rate
20260514_114402_zuha_01_efficientnet_b0_constrained_ep5_bs32_lr0p0001_basic,zuha,01_efficientnet_b0,1,0.33486450077358043,1.069399953842163,0.5585,0.5334285714285715,0.9335,0.6789090909090909,0.6784163750000001,0.6878972664807077,0.377,0.15000000000000002,0.0001
20260514_114402_zuha_01_efficientnet_b0_constrained_ep5_bs32_lr0p0001_basic,zuha,01_efficientnet_b0,2,0.14781335558389364,1.0128054428100586,0.63825,0.598433606265575,0.8405,0.6991058432106467,0.73116278125,0.7350418671262788,0.32825000000000004,0.55,0.0001
20260514_114402_zuha_01_efficientnet_b0_constrained_ep5_bs32_lr0p0001_basic,zuha,01_efficientnet_b0,3,0.09728528164327145,1.1245426810979844,0.648375,0.603704350864931,0.86375,0.7106860022626761,0.7393947812500001,0.7352050945537161,0.3235,0.5,0.0001
20260514_114402_zuha_01_efficientnet_b0_constrained_ep5_bs32_lr0p0001_basic,zuha,01_efficientnet_b0,4,0.06793508925955546,1.348737485051155,0.616875,0.576426352787314,0.8815,0.6970445784323416,0.72680103125,0.7299097219653662,0.33575,0.25,0.0001
20260514_114402_zuha_01_efficientnet_b0_constrained_ep5_bs32_lr0p0001_basic,zuha,01_efficientnet_b0,5,0.05398987393041975,1.3775777056217193,0.635,0.594372596994058,0.85025,0.6996502777206336,0.7223402500000001,0.7189942044084873,0.33675,0.35000000000000003,0.0001
