experiment_id,runner,model_name,epoch,train_loss,val_loss,val_accuracy,val_precision,val_recall,val_f1,val_roc_auc,val_average_precision,val_eer,best_threshold_for_epoch,learning_rate
20260514_143232_zuha_01_efficientnet_b0_constrained_ep8_bs32_lr0p0001_jpeg_like,zuha,01_efficientnet_b0,1,0.3582519292831421,0.9385284972190857,0.580875,0.5477209027880219,0.92825,0.6889321829483255,0.6762471250000001,0.6847239079117773,0.387125,0.1,9.619397662556435e-05
20260514_143232_zuha_01_efficientnet_b0_constrained_ep8_bs32_lr0p0001_jpeg_like,zuha,01_efficientnet_b0,2,0.1839623497923215,1.0146575748920441,0.618625,0.5772927186838247,0.886,0.6990827497780846,0.73053775,0.7530701674922928,0.34924999999999995,0.35000000000000003,8.535533905932738e-05
20260514_143232_zuha_01_efficientnet_b0_constrained_ep8_bs32_lr0p0001_jpeg_like,zuha,01_efficientnet_b0,3,0.13191178163554934,1.0222355153560638,0.626625,0.5862715040027252,0.8605,0.6973964137372101,0.736048,0.7573468429779591,0.3365,0.2,6.91341716182545e-05
20260514_143232_zuha_01_efficientnet_b0_constrained_ep8_bs32_lr0p0001_jpeg_like,zuha,01_efficientnet_b0,4,0.10223296748101711,1.132714335680008,0.62475,0.5814826910516002,0.89025,0.7034768866060845,0.72831696875,0.7382813130946447,0.34187500000000004,0.2,5e-05
20260514_143232_zuha_01_efficientnet_b0_constrained_ep8_bs32_lr0p0001_jpeg_like,zuha,01_efficientnet_b0,5,0.08627701856692632,1.158537788271904,0.639375,0.5966707126755679,0.86025,0.7046175898433501,0.74555975,0.7581546417946068,0.32275,0.2,3.086582838174551e-05
20260514_143232_zuha_01_efficientnet_b0_constrained_ep8_bs32_lr0p0001_jpeg_like,zuha,01_efficientnet_b0,6,0.06904480204896794,1.3088632484674454,0.62525,0.5818092749836709,0.89075,0.703871987356776,0.7278365,0.7322795416301925,0.340875,0.1,1.4644660940672627e-05
20260514_143232_zuha_01_efficientnet_b0_constrained_ep8_bs32_lr0p0001_jpeg_like,zuha,01_efficientnet_b0,7,0.0612993758097291,1.1613278472423554,0.6405,0.5946127946127946,0.883,0.7106639839034206,0.753551625,0.7622565223492411,0.315375,0.15000000000000002,3.8060233744356633e-06
20260514_143232_zuha_01_efficientnet_b0_constrained_ep8_bs32_lr0p0001_jpeg_like,zuha,01_efficientnet_b0,8,0.055436992136140666,1.228316261291504,0.651,0.6073968705547653,0.854,0.7098919368246052,0.7489443125000002,0.7590551491765649,0.32299999999999995,0.2,0.0
