experiment_id,runner,model_name,epoch,train_loss,val_loss,val_accuracy,val_precision,val_recall,val_f1,val_roc_auc,val_average_precision,val_eer,best_threshold_for_epoch,learning_rate
20260513_175818_zuha_01_efficientnet_b0_constrained_ep5_bs32_lr0p0001_basic,zuha,01_efficientnet_b0,1,0.297663171172142,1.655565007686615,0.566,0.5381944444444444,0.93,0.6818181818181818,0.5699246875,0.5453334287039383,0.45937500000000003,0.2,0.0001
20260513_175818_zuha_01_efficientnet_b0_constrained_ep5_bs32_lr0p0001_basic,zuha,01_efficientnet_b0,2,0.08753305001805226,2.061317466020584,0.5745,0.5437977660199882,0.925,0.684931506849315,0.59576646875,0.5812394245802625,0.44425000000000003,0.3,0.0001
20260513_175818_zuha_01_efficientnet_b0_constrained_ep5_bs32_lr0p0001_basic,zuha,01_efficientnet_b0,3,0.050291582183912394,2.644343451976776,0.567,0.5387619323112526,0.93125,0.6826094923950888,0.58889859375,0.5498289588226377,0.43525,0.1,0.0001
20260513_175818_zuha_01_efficientnet_b0_constrained_ep5_bs32_lr0p0001_basic,zuha,01_efficientnet_b0,4,0.04045442841760814,2.6933752856254576,0.563875,0.5365574474173701,0.9375,0.6825006825006825,0.5854098750000001,0.5671753087499563,0.4485,0.05,0.0001
20260513_175818_zuha_01_efficientnet_b0_constrained_ep5_bs32_lr0p0001_basic,zuha,01_efficientnet_b0,5,0.02638041593724241,2.8067242240905763,0.5745,0.5434275721364034,0.93225,0.6866138832627509,0.62589275,0.6068435341923785,0.41900000000000004,0.1,0.0001
